{
    "utterances": [
        {
            "text": "\u043a\u0430\u043a\u0430\u044f \u043f\u043e\u0433\u043e\u0434\u0430 \u0432 \u043a\u043e\u0431\u0440\u0438\u043d\u0435?",
            "entities": [
                {
                    "entity": "rrel_entity:rrel_entity",
                    "start": 6,
                    "end": 13,
                    "body": "\u043f\u043e\u0433\u043e\u0434\u0430 ",
                    "entities": []
                },
                {
                    "entity": "rrel_entity:rrel_entity",
                    "start": 15,
                    "end": 22,
                    "body": "\u043a\u043e\u0431\u0440\u0438\u043d\u0435",
                    "entities": []
                }
            ],
            "traits": [],
            "intent": "makskoko"
        }
    ]
}
