{
    "name": "rrel_entity",
    "roles": [
        "rrel_entity"
    ],
    "lookups": [
        "free-text",
        "keywords"
    ],
    "keywords": [
        {
            "keyword": "\u043a\u043e\u0431\u0440\u0438\u043d\u0435",
            "synonyms": [
                "\u043a\u043e\u0431\u0440\u0438\u043d\u0435"
            ]
        },
        {
            "keyword": "\u043f\u043e\u0433\u043e\u0434\u0430",
            "synonyms": [
                "\u043f\u043e\u0433\u043e\u0434\u0430"
            ]
        }
    ]
}
